,A,B,C,D
2000-01-01,-0.2984720328571458,-0.7151861680364886,0.1512955149579404,0.9605866188569997
2000-01-02,-1.3851974554635502,1.8632899134235779,0.6139897791593038,-0.713694432180156
2000-01-03,-1.0853418205725942,2.1737165806134464,-0.26398268841306616,-0.8510525559281628
2000-01-04,-1.164839783637318,4.366749229149469,0.12560730799317305,-1.098576871941934
2000-01-05,-2.572321569162006,4.239911824843004,0.29336884532529084,-2.6762525853808863
2000-01-06,-3.3058465717840146,3.4426760628380424,-1.7851347121050667,-2.9346625267254494
2000-01-07,-4.956346899252174,2.6237742813223313,-1.3676429590184411,-2.22061725228627
2000-01-08,-4.133048958558359,2.1610887037768287,-2.3907379350332887,-1.2972096725776177
2000-01-09,-4.937915465989208,3.08127552936302,-1.2082202599914054,-2.3599574293085595
2000-01-10,-4.3644704653393696,5.217162020922466,-0.8950807508667733,-1.9312558881888853
2000-01-11,-3.9265508149326895,4.845066734697821,-1.305314013649606,-1.248989184680368
2000-01-12,-4.160798563712826,5.214278275630206,-0.6346885948652673,-1.6209253853036516
2000-01-13,-3.0555855945784782,4.743104274281336,2.833201060627929,-1.5325992629064298
2000-01-14,-2.2668554348996732,3.4098430143495735,3.1882434083637126,-3.8272102555501473
2000-01-15,-2.258613746738874,2.683157878990053,3.892482210210468,-3.259943849034608
2000-01-16,-1.720233941195218,3.651575290696661,4.48454906276782,-2.7669388539226625
2000-01-17,-0.8728391002094217,2.0748614331831714,2.9868752487240906,-0.9573246089387741
2000-01-18,-0.8579145529275362,0.8573077835946543,4.139450489491473,-1.3453220371482524
2000-01-19,-1.028667173480492,1.7328639249159519,4.178538431565648,-2.1979620253415257
2000-01-20,-2.4659849379225367,2.9963642036292466,6.05911145260624,-3.0102301996216654
2000-01-21,-1.4017018958860596,2.819621802775976,6.864060934298674,-3.238109383170443
2000-01-22,-1.3621746767011425,4.482676225812742,5.794919934255377,-3.300286160571926
2000-01-23,-1.4588815035267533,3.78671046554714,6.0474498833623285,-2.055978739030521
2000-01-24,-2.0461648869946547,6.078708342029419,6.171076494701482,0.17461709324319985
2000-01-25,-2.8443067313700308,3.9360954595117756,6.833063071140961,0.9524496557281265
2000-01-26,-2.3770671081654036,3.757321506736472,6.621112518059399,1.6706935554545757
2000-01-27,-0.024910186362547382,4.894256248745813,8.833304174696227,0.5720121879529914
2000-01-28,0.9633667844981194,4.104941149511969,8.94498086145899,0.2739489138285918
2000-01-29,0.14002498582189182,3.728471881920445,6.6530621829548116,-0.46106024723506783
2000-01-30,-1.3923039779682354,2.838949187318152,6.853114323183901,-0.3298212122026438
2000-01-31,-0.6072637571226698,2.174638651018649,6.0085279423749824,-0.7155165832323394
2000-02-01,-0.21950246359971037,1.205953107696435,5.0248798264047885,-0.33553100912318706
2000-02-02,-1.1528973510978229,2.6128783909131985,4.53088751078702,-1.1739093728491525
2000-02-03,-0.7500170522074955,1.8535293339428303,3.986853698316441,-0.6403943350822832
2000-02-04,-0.3521695308579526,2.7345619534977574,4.8437424659746515,-1.1735636740824342
2000-02-05,-0.3360505214261796,3.239283633105582,6.153742943611358,-0.7566613205277448
2000-02-06,-0.8123906077737523,4.474595814678827,5.5622121917407945,-0.35806362655073437
2000-02-07,-2.239606707259996,6.055086639128991,6.640053121487215,-0.6264788239155583
2000-02-08,-2.3025265324145785,5.734963220109968,6.518255001642983,-1.6354297336268038
2000-02-09,-2.5969422330504375,4.611276152147363,6.626909397611746,-0.6435064102420388
2000-02-10,-3.7128400179314056,4.600167875374942,7.839583451128905,-0.8692840994683061
2000-02-11,-2.3569291485695567,4.251135708670304,8.942013673797051,-0.722884856816837
2000-02-12,-1.2821252558912395,4.4031897158263575,9.120484705820697,-1.0348419182121553
2000-02-13,-1.1664198169838018,5.218492171209324,9.49469320749095,-1.1868545480775208
2000-02-14,-2.216321851868734,5.273274716063728,9.943599149087365,-1.7028672573106531
2000-02-15,-2.4465580808608234,3.3641287915722486,10.89203748240352,-2.720935775551327
2000-02-16,-3.60568849722981,1.6488627876571598,11.189362119166455,-2.79395978968875
2000-02-17,-5.473680647246495,0.6395565310592459,11.318908632835294,-5.260017327756307
2000-02-18,-5.247863921982858,0.5775543504685104,11.60406687224378,-3.231108055694022
2000-02-19,-5.001585669439199,-1.830405907809105,12.11670576814596,-1.142384478645639
2000-02-20,-5.228822987679938,-3.026787638340589,11.412369763906952,-0.11391844028127118
2000-02-21,-4.663812307368143,-5.010874978286145,11.448433479470202,-0.027292866042663413
2000-02-22,-2.95309173129563,-5.4685075584941005,13.266641539331015,-0.05880386709076608
2000-02-23,-1.3604044468360563,-5.788999737431335,12.765457866436641,1.5110571201026572
2000-02-24,-0.2107448766039275,-4.347949935124771,11.743951174613844,1.055568542704196
2000-02-25,-0.41629609718447835,-4.892520572913301,12.499132411993712,1.7727140995970054
2000-02-26,0.9863112834810234,-5.120133700664745,13.199867678581914,0.24211096819604982
2000-02-27,-0.36932623003054166,-4.195029943623272,13.513346135030343,0.125471210307732
2000-02-28,-0.9198511890839323,-6.273107831597935,13.30571785821877,0.14993119977981417
2000-02-29,-1.0048905306971907,-6.1329844343544,13.39447935905018,-0.12251947692215359
2000-03-01,-0.6002870081360846,-5.988120813031678,13.607394747193787,-0.701327351499882
2000-03-02,0.3851583059980438,-6.04216293086307,14.604499894019716,-1.8673575940368345
2000-03-03,1.6046745862553786,-6.874411068652069,14.092214507884643,-2.5687730762485588
2000-03-04,0.9066167593223984,-6.105629741397211,15.040937401427424,-3.9226539883155507
2000-03-05,0.5433682904236102,-6.754198318432628,16.256550678931408,-4.599214098949053
2000-03-06,-0.6878595801360002,-5.982968307324256,14.726462580027677,-4.171192129641269
2000-03-07,-0.6625748925274654,-6.789240624488479,16.871993885094078,-3.5548656327881325
2000-03-08,-1.56994825104194,-7.474624468054914,18.05159199917405,-2.4172068498064974
2000-03-09,-1.73298909717138,-7.602892957850269,18.15678108204906,-3.358524546570713
2000-03-10,-2.8956990209835602,-6.530971496931615,17.596562993685748,-2.9959539645813407
2000-03-11,-2.5146410230324903,-7.758729466753389,18.677439731601623,-4.8076274460799215
2000-03-12,-3.2406774288184397,-7.699915513463259,19.35868977994092,-4.585228490581432
2000-03-13,-2.4001581081843644,-8.50322415170613,19.648390566678543,-6.860789445336682
2000-03-14,-1.8374701920959327,-8.998033799616561,18.44965637610936,-6.554094723569203
2000-03-15,-1.720082408229404,-8.534651082606397,16.012453938013145,-6.110620770378544
2000-03-16,-2.23398717197733,-8.426250170023248,16.286129914483595,-5.738955370991374
2000-03-17,-1.5009758828591302,-7.845484059479951,17.33948821070724,-6.614918719282905
2000-03-18,-1.8080878787709886,-7.586086187677287,17.26449387262242,-7.028767098064458
2000-03-19,-0.584279654008514,-7.862393188152426,16.914744752069772,-7.176749123295288
2000-03-20,0.11424217168356932,-6.756280792427236,17.223951714544995,-7.216776456464716
2000-03-21,0.9556564006006205,-7.691221769579351,18.437917863614388,-7.848141315070699
2000-03-22,1.4393419809167605,-6.698504199489941,18.9470150612452,-8.856275531142199
2000-03-23,1.2808190365098397,-5.7241492640620395,17.99766565908462,-8.403113485424786
2000-03-24,0.21577290603207566,-7.106954637051737,17.26864479597943,-7.876426845381713
2000-03-25,1.0052475601640651,-8.477861371643911,19.73020954671666,-8.623106851009952
2000-03-26,1.835777263658416,-10.367763668819219,19.541796470030683,-8.859150493848025
2000-03-27,1.1347850586239092,-9.770097588490977,20.404593100055937,-8.707130734539597
2000-03-28,0.039477023771820496,-10.922893052783438,21.32595258850284,-6.998196352730254
2000-03-29,1.2536741822484612,-11.61053763047126,22.62813264675137,-5.721563796639431
2000-03-30,0.9512343423444778,-12.87885168112711,24.070167801190408,-4.882349373560221
2000-03-31,-0.15056348868419134,-12.097622570536865,24.263376037761738,-6.2493160519144935
2000-04-01,-1.0663699732741398,-14.703562120022157,24.77801562699119,-7.678849447125867
2000-04-02,-3.75718319968227,-14.52158579445058,24.03334714059759,-6.127999598858933
2000-04-03,-3.1559970049654016,-15.025042529978363,22.860820027981273,-5.609297829962905
2000-04-04,-3.969730616443349,-15.03271372142682,21.65620707042416,-5.452020726279922
2000-04-05,-2.8400565437042236,-17.2169203805557,20.859439000272605,-3.8822218018850907
2000-04-06,-2.286762521139285,-15.81223242558776,21.857244885589726,-2.2347082383798087
2000-04-07,-1.0607193826018397,-16.430873182893915,20.744149207492338,-2.139990228749435
2000-04-08,-1.666427417694174,-16.45157711860339,20.714199187962535,-3.263888417072072
2000-04-09,-1.1160148167277812,-16.765480764496846,20.02124001924429,-4.797080226800026
2000-04-10,-0.4477189751065709,-17.863594559930824,21.08025124351919,-5.126702465107738
2000-04-11,0.9761267042406345,-16.83908106943262,19.65767999900522,-5.87934766853579
2000-04-12,1.7974379084387135,-16.67446285770099,19.675573122969276,-5.690413532008917
2000-04-13,2.6783073156979045,-18.457965077710643,20.561527697497556,-4.463014871892623
2000-04-14,2.305709349002837,-18.92205938081362,18.226442185883798,-3.8226050404942153
2000-04-15,2.8334178720443886,-19.064077675271182,16.872953840139377,-4.733041688800497
2000-04-16,2.7361872461784253,-17.854006163059644,18.776527914286675,-5.123345543007273
2000-04-17,2.820749100070856,-16.7098876751235,18.018183132380532,-5.211748453929685
2000-04-18,0.8611335377691574,-17.055768271566052,17.459664463647453,-7.611576584171603
2000-04-19,0.5862510166343646,-18.328190214904165,17.519224032831865,-6.382298537008553
2000-04-20,2.900364882050164,-17.124029920014298,17.318495397833157,-7.455248394978027
2000-04-21,2.1909787498879485,-16.890523870040614,16.788859039175207,-8.574061992529472
2000-04-22,1.6110508324387722,-16.98852720183772,15.081115605996853,-6.957529656369962
2000-04-23,1.5109165028868823,-15.824382511150793,15.945193751568237,-5.766015238328903
2000-04-24,1.2731085984942578,-15.894091566956599,16.160254833146524,-5.456022031585137
2000-04-25,1.9158147529189575,-15.929437346076044,16.382754836650832,-3.8939809622719888
2000-04-26,3.5246565576523965,-16.118540229143353,16.077134838023206,-4.064050951470703
2000-04-27,3.3854983123181657,-15.213294544526747,14.98784880786485,-4.767625420378782
2000-04-28,4.0117148686283794,-14.920275217328951,14.018274957101328,-6.070012873937534
2000-04-29,4.310091373000868,-14.514874325728613,16.345426826722296,-7.314541588250244
2000-04-30,4.102973232215753,-14.401359743416954,15.339999112716926,-6.548941873416339
2000-05-01,2.1491777396148097,-14.273164237724613,16.162177975760923,-6.824500779696118
2000-05-02,2.265937714469966,-12.876378736244982,15.890107031021376,-7.566810504212475
2000-05-03,-1.3097528932616096,-12.499030531035242,16.07051029426363,-6.0089332346937345
2000-05-04,-1.0132082739108166,-12.989772511315357,17.18224914466749,-5.639950928579213
2000-05-05,0.13989850629065836,-14.266377640962794,16.370012071757298,-5.540976267229801
2000-05-06,-0.013207361548397328,-16.2230186180065,15.518797939914382,-7.000985177801099
2000-05-07,-1.3626703327258387,-14.939016355870265,16.156446471136583,-6.962150735260423
2000-05-08,0.6163549038927518,-14.615153020626623,16.594735532369164,-8.783868068763626
2000-05-09,1.4497974471672057,-14.308021069020999,17.170464534136908,-8.474756765706402
2000-05-10,1.56780797503317,-17.193150559767563,17.921863054866634,-9.063711269649888
2000-05-11,1.5834155142130852,-17.03823591737281,18.188276193916895,-9.43069809694835
2000-05-12,2.0982555365246975,-17.237447217056538,18.58269340817609,-9.632924737737186
2000-05-13,2.5256755727151665,-17.657638914518795,19.960582607168323,-13.157729435478862
2000-05-14,2.4674029186914366,-17.210174749653515,19.658503253650007,-14.611275542716452
2000-05-15,2.6569356026492037,-16.78967305760972,19.00563493029685,-13.828268871506507
2000-05-16,3.483531883320768,-16.89902372519291,17.4803377325602,-13.12661306624711
2000-05-17,4.633539817388669,-14.887788369486401,18.14807118429473,-16.081432338326497
2000-05-18,4.605380250210229,-14.525419761054026,17.063564851879235,-16.456885366240364
2000-05-19,4.913629371917869,-12.92421814408181,17.82655752332531,-16.44240269347054
2000-05-20,3.8735943185224557,-12.529909568998901,18.50064065421053,-16.441521892657576
2000-05-21,2.1913892916634765,-14.132031761678661,17.243412593142807,-17.128538896485672
2000-05-22,1.883605041125263,-13.706134010385679,16.84742788730054,-16.116993290676383
2000-05-23,0.1538115578216026,-13.03003632048982,18.55304772333299,-14.456845806589795
2000-05-24,-1.1486622881655337,-14.31066892359417,18.41272851380394,-12.87162365300464
2000-05-25,-1.756479023069927,-15.510794600892634,18.9122136147841,-13.364767716157733
2000-05-26,-2.0507053986428314,-16.705547323785723,19.809318139041892,-12.577671743840117
2000-05-27,-0.8874120108947408,-15.255040494803456,18.4093776551488,-14.238782060995167
2000-05-28,-0.07926425020601424,-15.01549837657987,18.988015793063422,-14.350921588818458
2000-05-29,-0.6532569083160487,-15.936285651309023,18.124925770251608,-15.24585970905396
2000-05-30,1.1097959071466845,-16.26125308540292,17.6564142734309,-14.273140272469407
2000-05-31,0.5518081166078594,-17.652268183190102,16.371145858938263,-14.362665455879943
2000-06-01,-0.10037647517964865,-18.093873176077818,14.815089393660767,-12.86866227871111
2000-06-02,-0.7411165638947642,-19.47807522810712,13.63922484057356,-12.24231410349014
2000-06-03,1.9351466757719398,-17.007965790926225,14.135867736794301,-10.734287893375134
2000-06-04,2.131099551020139,-15.812524074643697,16.343324355303015,-10.883571752697804
2000-06-05,2.780781448225297,-17.920448397713958,16.657089549869397,-10.316658350918482
2000-06-06,-0.37095350465812027,-16.8815550084232,15.91656331654829,-9.001436170816167
2000-06-07,-0.35515306356960413,-17.803037099319013,15.673789679394336,-9.233656109521405
2000-06-08,-0.40539908574929484,-18.634567235164436,15.137987898582326,-7.80437732261704
2000-06-09,-0.012735631669850478,-19.53201519594157,15.809553621419385,-5.969355043600205
2000-06-10,-0.38066412241546316,-20.05143311892776,14.840452422067898,-6.039870312361875
2000-06-11,-0.8515143125141238,-20.006268241698862,14.644984649727753,-5.277722014845374
2000-06-12,-1.2455074645227937,-20.362551014286193,14.54257205700613,-6.62209839167111
2000-06-13,-1.6892705413937668,-19.045701695988235,14.915814856993379,-6.883325201212524
2000-06-14,-1.4399319059556395,-19.406431809921358,14.835260384889752,-5.68283979521794
2000-06-15,-2.309358385660762,-19.625966491410836,16.161066960466712,-5.950650995635203
2000-06-16,-0.8772414414515526,-20.149060262127005,18.25305846443117,-4.360727424020165
2000-06-17,-2.0285048495853992,-20.685296635047013,15.44153329638194,-3.956438090543041
2000-06-18,-0.1608755111033302,-21.50545800076835,16.31290863963405,-2.5815265953601765
2000-06-19,0.8430531881522729,-22.432355356146484,17.902667105167236,-2.696187104866551
2000-06-20,1.4723642923980926,-22.342437949135764,16.546535902409545,-2.6967545413408835
2000-06-21,2.553640991626125,-23.2015782235556,16.988387958932357,-2.7797599267193625
2000-06-22,3.3503868700965365,-23.31344522378548,16.390436429477973,-4.543678462921188
2000-06-23,4.262886204645341,-24.320576196493995,16.2657979810044,-5.739251942994933
2000-06-24,3.2213031194470623,-22.257979541136947,15.849497965401277,-5.528684421793635
2000-06-25,1.8675905201023928,-22.107404691575347,16.14841396359396,-5.076559567032276
2000-06-26,-0.79818622612981,-22.943491676711176,17.477225330569766,-6.394191633557552
2000-06-27,-1.1067690350181072,-21.787530059903126,17.86871719931696,-7.523986451002541
2000-06-28,0.26918595903813336,-21.563475693738138,16.415705001587035,-8.707430927654132
2000-06-29,-0.1497810917544099,-21.290682028690576,15.800113736462247,-7.12037181642089
2000-06-30,-2.467134992865566,-19.24958761002045,16.42695125139609,-7.3175163372926635
2000-07-01,-1.740302731932018,-17.52325900442253,16.702200429966897,-7.151660679644722
2000-07-02,-2.1499271083138143,-18.54010113882822,15.81368746678611,-7.683794708702658
2000-07-03,-1.2496020290111547,-18.348308928625517,15.958845547057003,-8.623306751312583
2000-07-04,0.06864097237596734,-18.401483100868454,17.700736116699197,-10.351521981923636
2000-07-05,0.7166925364360999,-19.31790854446066,18.359672676553604,-10.286559597470344
2000-07-06,1.6689118821778275,-17.768446070028176,18.068978506655757,-12.339529763076165
2000-07-07,0.3137023604323077,-18.92406135630204,18.662541052957863,-11.43750706806483
2000-07-08,0.7950964667358928,-19.850844348360134,18.24447165589213,-10.945358841557674
2000-07-09,1.4120053566436837,-21.29634624459375,19.559860043159404,-11.547099577447032
2000-07-10,-0.07026337307838548,-20.85638211878525,20.521052027645716,-9.978910448672506
2000-07-11,1.5539208625404883,-23.097344192556307,19.455064046851433,-9.222583084123347
2000-07-12,0.21192084480992923,-22.223094279707688,20.8322091847483,-8.546456272416883
2000-07-13,-1.0722332077480037,-21.856781650000887,20.060729378199174,-9.29021115418898
2000-07-14,-2.696798701246201,-22.228847216578504,20.215799092017512,-9.94781879902446
2000-07-15,-1.723232154586455,-22.589578598142896,21.22276804107529,-9.295567792194127
2000-07-16,-1.8870833706017536,-22.368362881192056,21.02633714039174,-8.815600726976092
2000-07-17,-0.5747941954617837,-23.40365126293542,21.808818687795245,-11.299734282870288
2000-07-18,-1.0218985962838754,-24.112627941518998,22.772810265331056,-11.6373825526314
2000-07-19,-1.411391948179105,-23.898754103034406,23.08509267978929,-11.91942753520628
2000-07-20,-3.439552284640056,-24.66757568454736,23.42252542812932,-10.961715388617021
2000-07-21,-3.1131135350566823,-25.400172606243686,23.640316981022465,-9.73654917300666
2000-07-22,-1.4407358299309525,-25.180051356327997,23.253443205693035,-10.77900855137769
2000-07-23,-1.8142659214227699,-25.362163590307656,24.181514633834986,-10.241584730593852
2000-07-24,-2.740929776530085,-24.34148275888527,23.45154998118491,-9.098021592311683
2000-07-25,-3.157774480638113,-25.448701059921078,22.86471090392922,-9.258583397047365
2000-07-26,-3.1676878086477442,-26.06277473547809,22.684179393318896,-9.61360711417863
2000-07-27,-1.5863135154770311,-23.188892236809455,23.351195317478496,-8.084840346482647
2000-07-28,-0.5385992930398367,-22.99318023025577,24.078123605792136,-7.2965330935740305
2000-07-29,-1.6788657578157913,-21.74933172336001,23.886670225163684,-8.570484551755655
2000-07-30,-1.4568442054579136,-23.024412591164587,24.15853057465844,-8.547301007332514
2000-07-31,-1.4428898504845886,-23.192749081318922,24.851144812244122,-7.1350034505896325
2000-08-01,-1.5303341265636365,-23.19989443184053,25.009800474307635,-7.8318401073897554
2000-08-02,-3.1563980406494085,-23.949548918822494,24.90778072388278,-6.106378267367584
2000-08-03,-3.2177111082953234,-22.977594542965992,24.022204417927515,-5.879641871453303
2000-08-04,-2.4976827499596728,-21.63232404407357,23.68296395864031,-7.670886343007932
2000-08-05,-2.1176105874222015,-21.300432620167065,24.92778704925301,-7.881017918720798
2000-08-06,-1.2656135524282763,-21.872585453117566,24.723238308431647,-8.498788243614332
2000-08-07,1.0947953792911427,-23.028894700016142,23.21402857886753,-9.573335046594439
2000-08-08,0.7698921779858399,-24.790989923920904,23.34893285588843,-8.732282594720074
2000-08-09,-0.2017948572063294,-24.07546428899523,23.4611527326774,-10.29013746733952
2000-08-10,0.5980004123744149,-25.05103420038906,24.651775912168954,-11.31367681166455
2000-08-11,1.2343661728063546,-25.238142719675285,24.80753426454759,-12.746637467039745
2000-08-12,0.6106227648095994,-26.918646824193488,24.974625836167416,-13.109374980603809
2000-08-13,0.6737607411291496,-26.042088605913875,25.740150346385498,-11.273854190617538
2000-08-14,0.9418438494142356,-23.639265839722565,25.620596564996962,-11.944654466839046
2000-08-15,0.9051714762056052,-23.72166504771479,25.436095668634373,-11.910165880664346
2000-08-16,3.001548970606921,-24.891142791290978,26.372564636484313,-10.236314262837169
2000-08-17,2.1951526957073058,-25.603985050724525,25.350980429807667,-11.52162231294726
2000-08-18,3.6124607263772353,-24.670216805924394,26.55963103638969,-9.4048079766775
2000-08-19,2.7362423665091553,-23.322943767471806,25.90577723415714,-9.248710155141179
2000-08-20,4.178500001214722,-22.96813208544185,25.78389081570238,-8.42054776229662
2000-08-21,3.8737306026054767,-22.83574899159973,26.50201773857157,-6.036100621985904
2000-08-22,2.7308960242191924,-23.086762392747165,26.017854038260367,-5.415431873776121
2000-08-23,2.250719007650078,-23.901015411578555,26.11238469592524,-6.037726203115755
2000-08-24,0.6207875507106442,-23.72338703126543,26.88586317791305,-7.054150849949524
2000-08-25,0.8860101351030054,-24.04012183216817,27.804964334227343,-7.346269105078114
2000-08-26,0.56676896621879,-24.90661976599702,27.670158382880185,-6.851948482616828
2000-08-27,0.5175056547038208,-26.5916517072356,28.16122521246896,-7.25005861088781
2000-08-28,-0.4720578802155623,-25.963570795745778,29.420250747657388,-7.537187629760448
2000-08-29,-0.6726809250014036,-25.92946028131849,30.058054320942624,-8.241565346790411
2000-08-30,-1.761416004995699,-28.27582326184573,29.042920927848602,-8.593198303800111
2000-08-31,-2.936226549521429,-28.545696071549713,28.5871187384629,-8.602554867957217
2000-09-01,-1.8300392789015658,-29.088584629147746,29.562052375274632,-8.684476996327474
2000-09-02,-2.005855298361934,-28.156162328507072,29.837280569487532,-9.072865506108853
2000-09-03,-0.13712163404993372,-27.457573205822467,30.305873846792313,-8.410054247453864
2000-09-04,-1.5784233777862748,-28.49590710695073,28.283334701476893,-8.177459280050483
2000-09-05,-1.3510209142250584,-27.537684673611672,29.580615032175697,-8.58070499201469
2000-09-06,-0.8921324287747665,-29.053035379292762,29.71409201258641,-8.063931245678013
2000-09-07,-2.403909724606587,-30.14740621826312,31.767132422680827,-7.149711348749503
2000-09-08,-2.42693618812379,-30.592436889662192,30.68985075647438,-7.698890027555297
2000-09-09,-1.9261869883696918,-30.28158366839228,30.154264833377923,-8.826865340958006
2000-09-10,-2.6383065433628445,-29.177344898891672,29.194608619418787,-7.482947446130856
2000-09-11,-2.9062243509902816,-29.391278242316453,30.160698002303373,-9.36007099190264
2000-09-12,-2.0774769209723436,-30.334673901407236,29.699495968991137,-8.781967889049263
2000-09-13,-0.7914681213268617,-29.60811277012,30.643789708209635,-7.351596378396648
2000-09-14,-2.2128453972057365,-29.50604322266818,30.930947987153218,-7.130738493889265
2000-09-15,-2.8769807183715357,-30.924397758723583,31.45342530017397,-7.964876209607251
2000-09-16,-2.111279423443203,-30.6871717391308,31.763829306249267,-7.363007843552518
2000-09-17,-1.8662641104069992,-31.723917542872137,29.93979851259302,-6.769458824685538
2000-09-18,-2.59550814676809,-32.13834854382301,29.334081486203374,-7.086485153165854
2000-09-19,-3.6023079340202715,-34.54302936548629,29.71688126746432,-6.7650514065102385
2000-09-20,-3.1328438014220894,-34.19548498762015,29.849747623506513,-6.529225108516337
2000-09-21,-2.986209529304067,-35.08154171736579,28.718931486041523,-4.860869072728525
2000-09-22,-1.8844303234814879,-32.90658507569403,30.61122330783937,-4.382575691560844
2000-09-23,-3.9919254479444723,-33.803602523492984,30.273856777151153,-3.4952656149583268
2000-09-24,-4.139323992414594,-32.520588762623724,28.779211348795865,-3.879378296083854
2000-09-25,-4.008078586248365,-29.851780860496035,29.22859813823834,-4.456504704722311
2000-09-26,-4.23134741872907,-29.32361550927086,30.714178847363875,-5.208557112852139
2000-09-27,-4.8264932239769145,-28.722340526899057,29.378265598375666,-4.673297881387956
2000-09-28,-5.182616166815436,-30.126550849148263,30.27505306878133,-5.073885191333128
2000-09-29,-7.420902002903473,-29.08222284051804,32.018728090458595,-6.777195786890745
2000-09-30,-8.147514245218069,-30.087814649809303,30.698914152257537,-8.600631385965576
2000-10-01,-8.056795815474683,-29.369529154274673,29.986861312114875,-9.296813595784213
2000-10-02,-10.421373579225023,-31.622487515864396,30.722917984958094,-7.02329096012096
2000-10-03,-9.9891476817771,-31.440363849935345,31.564772986566332,-7.175459509762385
2000-10-04,-9.719545238840237,-31.157144085012607,31.474186733010953,-6.3168521265009705
2000-10-05,-10.39723213506539,-30.662934264245614,30.88168103509024,-5.975340818829639
2000-10-06,-11.061265707177453,-30.544100255755406,30.38960859642013,-6.887996405579116
2000-10-07,-10.783438626238334,-30.01818766875271,31.281556437325005,-6.266138015923206
2000-10-08,-9.778803275492969,-31.849989435228466,31.30544168412278,-5.569991716317061
2000-10-09,-8.958503517472806,-29.87098438077742,31.03168967810383,-6.0464746755336
2000-10-10,-8.837489730995685,-30.718028895567087,32.58767423433485,-3.8256641586586686
2000-10-11,-9.156660202517436,-31.277036733926863,31.738567190968126,-3.174350767636439
2000-10-12,-8.990284624268224,-31.835329782863017,31.81881678095081,-3.4031944614598757
2000-10-13,-7.032893054741304,-32.11888251059503,32.08964839348467,-4.534345091471551
2000-10-14,-7.7351760214276055,-33.40551029290576,33.61635083475634,-3.409129388890029
2000-10-15,-8.097210344456812,-33.623994985720756,36.112713880430356,-3.813555677426882
2000-10-16,-9.321419165066853,-32.19335672416416,35.87750146789586,-4.634267922067613
2000-10-17,-9.67219962664028,-32.31656918088754,36.214157756336704,-2.9521344147890565
2000-10-18,-9.48187687114055,-32.07725853373749,37.612880244907416,-4.200078185490995
2000-10-19,-9.940078047635035,-30.850766678023447,37.94316433752976,-3.0864818777236973
2000-10-20,-10.710221732459924,-30.206783560438584,37.94748885231007,-2.1551619435625535
2000-10-21,-11.041280600436922,-28.62452866782052,38.385526661212324,-1.7006931266203729
2000-10-22,-9.791604247332618,-30.80935684278092,38.38182039921041,-1.6471170320130424
2000-10-23,-7.2870902753312645,-29.50009546429586,36.67333796797925,-3.443252970161283
2000-10-24,-7.81616846702034,-30.2308257411382,36.39131687664461,-3.1195499503532473
2000-10-25,-8.96942429931001,-29.403257766428442,37.340801275985946,-2.5516319248893566
2000-10-26,-7.686540165977178,-30.431608935641897,37.67616483234846,-1.5815496366834045
2000-10-27,-7.1666498335404505,-28.859989293767214,35.95291904630398,0.00708345556354395
2000-10-28,-7.660002960898059,-28.566306233135837,35.78286625009608,0.8978567870325705
2000-10-29,-7.309900839146643,-27.534246353583132,35.98581421650791,0.39286896037558205
2000-10-30,-7.784112600456749,-27.28409079127718,35.92168081571122,0.5681416565464915
2000-10-31,-7.928127540534086,-26.349425737838583,35.25190540384344,1.0147651614057647
2000-11-01,-8.634157783839395,-26.314884539405245,33.98539265329364,0.9777223187638656
2000-11-02,-6.774800417294355,-26.00124351367456,33.69329083493998,0.13465258303216854
2000-11-03,-7.520477396163923,-24.7376226277224,34.06594833152723,-0.1528845029247637
2000-11-04,-7.917318734096073,-26.116370514840305,36.87213348814789,0.020289495902400645
2000-11-05,-8.166363577873739,-27.875316168770798,38.323886501294695,-1.7221524327041993
2000-11-06,-8.794359503151965,-28.783107566102025,37.880549011311196,-1.5074880776875001
2000-11-07,-9.361876982117277,-28.93838374025994,37.570522859144006,-1.8908888193928308
2000-11-08,-9.456474099949382,-28.414387446168824,36.85336598831867,-2.5474323795337175
2000-11-09,-9.666504965414411,-26.784857747590944,35.85616500340931,-4.160727666804323
2000-11-10,-8.014306373096849,-26.955330736061303,34.88104212609532,-3.339449882310187
2000-11-11,-7.098747179543381,-26.68365659105677,35.405424695049874,-3.4586997173153224
2000-11-12,-7.601439054529198,-26.878184652572223,34.25279415658309,-4.2916054591724695
2000-11-13,-5.2290480881839745,-28.419725929925963,33.74640392459692,-3.777240507200638
2000-11-14,-7.287268001491747,-29.994031860853617,32.63964325725866,-4.832796225345287
2000-11-15,-7.247850171193752,-30.11200322315557,33.62229930177367,-4.147614421256037
2000-11-16,-6.422574102722951,-31.487003128586842,34.70024754823593,-3.7653794698187806
2000-11-17,-4.886154279871328,-30.89854474735943,34.945111364036585,-3.853638747476782
2000-11-18,-3.7344765636452104,-30.547831100511534,36.99599540044678,-4.150076934288028
2000-11-19,-4.344408998510025,-30.916969376443756,38.40113648039157,-4.090959531765872
2000-11-20,-5.442253533313778,-30.759098193931226,38.20198806546522,-3.1993600475894435
2000-11-21,-3.4402108686018096,-32.00431400663178,39.58621025724286,-4.1396745232843415
2000-11-22,-2.647203405843235,-31.81977102860047,41.010548477219935,-4.8670796004051
2000-11-23,-2.2613571001748425,-32.14484968997065,43.37134596546848,-4.237250363151261
2000-11-24,-1.992635825013423,-32.58179587004745,42.52174749574939,-2.66240267101436
2000-11-25,-2.0121872153924514,-31.513585107380337,40.305275483427614,-3.0380014540276568
2000-11-26,-2.343873557608097,-31.269700001185615,41.01696055953578,-2.686383893649166
2000-11-27,-2.1971371145183554,-31.701622219507872,40.81285005069473,-2.712921449039013
2000-11-28,-1.5008494512582495,-32.198839724974995,41.038733356554225,-1.3563247816642312
2000-11-29,-3.6113406729541206,-34.53371637051277,39.81758007704545,-0.09473685620156935
2000-11-30,-2.6058693377073974,-33.87276095146193,38.650204214756194,1.3138094880182285
2000-12-01,-2.3320895468076763,-35.26712431409109,38.22622762854822,1.7055185668973247
2000-12-02,-1.8027446547010142,-38.55422831183729,37.86238127081248,1.2951348672745355
2000-12-03,-2.7299214038072113,-37.82391613323914,38.15620364642035,0.6182330519402239
2000-12-04,-2.3796628503428994,-39.24807572497903,39.59172540376339,1.2265243598869464
2000-12-05,-1.5676020473843293,-39.91634217001384,38.5954537542018,0.5949769015820688
2000-12-06,-2.3041963081059773,-39.42919242751109,38.25725147021847,1.051487081865594
2000-12-07,-3.4088883165918267,-39.589758958084445,38.48396179130112,0.04704992315658196
2000-12-08,-3.5778732312903987,-38.252675845318464,38.54349803189274,1.6800796351151566
2000-12-09,-3.021034337851402,-40.33404808055319,37.24371607504969,2.325325236674819
2000-12-10,-2.8924720303838396,-38.7455330250139,38.23728025237885,3.6567344023715003
2000-12-11,-3.166734212450908,-38.717120884369976,39.05557728255014,3.1170959469521793
2000-12-12,-2.998919566887639,-36.57244583471625,38.88418461508761,1.7163323192636823
2000-12-13,-0.8401677966205257,-34.416821332947734,38.697741047716185,1.6234052038873583
2000-12-14,-2.3861781767204553,-33.4303413244406,39.76170525528146,0.9077443819697355
2000-12-15,-1.7284614657260384,-34.32496380464116,40.721886622254196,1.772945138607235
2000-12-16,0.3222879496590756,-34.19675969435762,41.64773071153058,0.2997805149642132
2000-12-17,-1.0863006835747056,-35.78624543159743,41.56756072435169,-0.3189967434701284
2000-12-18,-1.6034107590488325,-35.78853811828626,41.17388427067487,0.4102389072752691
2000-12-19,-3.4972871419761207,-35.973004496803334,39.687664460138514,-0.8186197597102219
2000-12-20,-3.5323932614767686,-36.41833296221638,40.078993319421635,0.3093756149783716
2000-12-21,-3.354769954277765,-36.35791234667099,38.664814488656006,1.633403252864647
2000-12-22,-2.6060723826030374,-36.071730038578515,38.616255464921416,-0.345757802953889
2000-12-23,-1.521987121616289,-35.900300075615405,38.27542168770386,1.1007112741771152
2000-12-24,-1.6309234917352082,-35.86009189086037,37.65181124953468,0.12122616240217243
2000-12-25,-1.7984679978715767,-35.385821684943544,37.62524316807985,-0.5708308858292855
2000-12-26,-2.97906300103406,-34.17695552618803,38.8623926083449,-0.47854479244978604
2000-12-27,-2.394301245358987,-34.11937615820258,38.22619231390782,-1.1899595263134197
2000-12-28,-3.0970282884722042,-34.86845939297827,38.69207602469738,0.6198700049633572
2000-12-29,-3.854329658756715,-36.48168866413413,37.650692601650114,1.1579487500168075
2000-12-30,-4.13355715183371,-37.44036957861264,36.80583506108398,-0.40080849471199853
2000-12-31,-4.668187912351943,-37.4268148309855,36.2501287642879,-0.6093876999210499
2001-01-01,-5.28660083991449,-37.58183310056395,36.87309414087145,-1.4001509502316392
2001-01-02,-5.247513989190269,-38.051449126587464,37.368881460744724,-1.8917548429298685
2001-01-03,-4.871454685535712,-38.39176228494403,36.81243180400421,-0.7909508099478448
2001-01-04,-4.014108426317961,-39.171443277910605,37.92186977720149,-1.6815006429739063
2001-01-05,-2.8563965296950595,-40.753532319452475,35.692112775302526,-2.7746929301485483
2001-01-06,-2.867322171792165,-40.46131618159869,34.772342212791784,-3.9596430677550343
2001-01-07,-4.04311522575035,-40.62682407314978,34.29826252739908,-5.763226218429595
2001-01-08,-4.943308221520399,-39.22015537074243,33.0831140320938,-4.605989474161862
2001-01-09,-3.83004043551367,-39.19056059906403,34.72274247313742,-3.788607931121206
2001-01-10,-5.273742453237718,-38.08319833645105,35.51352305610438,-4.40159338579339
2001-01-11,-5.85384174825696,-37.20342456127302,36.471949072911755,-4.472224716253218
2001-01-12,-8.628445122478784,-37.237796780512554,34.90275720505912,-2.531831445325382
2001-01-13,-7.3076501013711255,-39.33493791861061,33.565480934059565,-3.2766225805965816
2001-01-14,-6.552411336944034,-39.473623524173284,34.35922270779292,-1.3590562247365627
2001-01-15,-5.593318047393694,-37.13545336719302,35.35055017938422,-2.2833916353263874
2001-01-16,-5.889460157960333,-35.87121412440537,35.79131023205015,-0.03002080992318179
2001-01-17,-4.509469564210578,-35.41195805751061,36.79015568960239,0.6335361195970356
2001-01-18,-3.175930231091346,-34.369192011424474,38.185909576558686,0.31806499951873785
2001-01-19,-2.943452607779392,-33.802992789742156,39.96096047312472,1.9008587814896716
2001-01-20,-2.786905297363262,-33.99200729918036,39.837003395307256,1.653534865147508
2001-01-21,-2.7442080970745293,-34.83131973823314,39.607805810382125,1.5227721207417668
2001-01-22,-2.628029242169995,-35.09081692974527,39.570519643357756,0.871069790562203
2001-01-23,-2.3082981031473393,-34.092368714166355,39.28465192002358,1.4357375010284932
2001-01-24,-1.8037847713049384,-33.97609943363657,40.19965035527488,1.7962982751889625
2001-01-25,-3.0022946978666996,-33.76744676969215,39.975686301275765,1.733012051233783
2001-01-26,-2.3271967687616133,-34.45123990680416,40.122931833850785,2.2520327903451918
2001-01-27,-3.08152324771672,-34.646958699420466,39.03715108475657,1.5423422741314887
2001-01-28,-2.2576064667697056,-34.32318391288404,39.417913509847075,1.9708529680383382
2001-01-29,-2.7683058984007545,-35.187693542829486,40.93151514104861,1.596950952934738
2001-01-30,-2.595446771935632,-34.14934561506839,39.67057929601945,0.5878953994838081
2001-01-31,-1.3862745630962465,-34.50839848110506,39.07507645837784,1.1367654984247868
2001-02-01,-0.7842353121776097,-35.52265983417058,39.935033708800255,1.2454415625689845
2001-02-02,-1.303931104963211,-34.087706697538536,41.23473618057088,0.8658910948766119
2001-02-03,-2.363241007996846,-35.90185743159486,39.80462900819506,-0.06146093515297768
2001-02-04,-3.905368870916911,-35.49477856787605,39.530529109281794,-0.7152380287333618
2001-02-05,-4.856682395112223,-35.24136285525317,39.556255095780024,-1.1812106050979205
2001-02-06,-4.526575494998308,-34.99203498885912,40.23263691114468,-2.2235465913551216
2001-02-07,-5.79188589189789,-33.582189508239686,39.705615285228845,-2.1834059096048386
2001-02-08,-5.346359779201948,-33.68303895521216,40.363146122392656,-1.4127119038048628
2001-02-09,-4.127469631785659,-33.35205643128802,41.99371021577487,-0.5036546675947217
2001-02-10,-3.4729778799651045,-34.826402337137615,43.118398412166336,0.7358819722260778
2001-02-11,-2.541515654757341,-34.859400816901584,44.19701926541862,1.249475625959017
2001-02-12,-3.728935356681699,-35.958555283975194,43.975588652245236,1.4169325987215708
2001-02-13,-4.637499736747143,-36.59743157281791,44.41070768921689,1.8266790325336029
2001-02-14,-4.217682242788659,-37.04314768369398,42.98715757416257,1.298059054082635
2001-02-15,-4.3741566347939065,-36.15268429545335,42.89254803968112,-0.346576669151903
2001-02-16,-3.8437088834835875,-36.53512312299426,42.33851398300322,-0.8057644670903799
2001-02-17,-4.956543984162886,-37.02685629799566,41.78655687239086,-0.8411671998737619
2001-02-18,-5.789222846722529,-36.62815233230075,40.836026892042604,-1.8044742072616664
2001-02-19,-4.746595402907964,-36.80707521893665,40.94122697134836,-2.1933412598993294
2001-02-20,-4.696014078463794,-36.08003712346664,40.07168937580835,-2.0973655452786106
2001-02-21,-5.128857858341373,-36.72988489724526,39.98559310778297,-0.9785972399408958
2001-02-22,-4.664332605209907,-35.1679271313708,39.7715864116352,-0.21262686755530436
2001-02-23,-4.281508148528947,-34.84095490567742,40.891956953085554,-1.570911818205333
2001-02-24,-4.297350642950582,-34.85573502561142,40.688906696130516,-1.9082163355364032
2001-02-25,-3.621070171931494,-35.427325083230855,39.95584509246403,-0.7580535741909615
2001-02-26,-2.3164605718886726,-33.39431439426575,39.38765107034159,-1.664769640043024
2001-02-27,-1.6656651924131138,-32.54130593829921,38.68458699800248,-3.251294677615507
2001-02-28,-1.431198873139608,-34.714656546233634,39.148153108485296,-3.2380205837510525
2001-03-01,-2.032778356343969,-35.68153581154941,39.632995066341955,-4.256264248919752
2001-03-02,-0.9760971265814686,-35.75773749620054,40.446165387009344,-3.927015083163208
2001-03-03,-2.671596899230986,-35.65865519925615,41.0819641468016,-3.6493789569380723
2001-03-04,-2.2325701852526776,-34.785744188870375,40.99913360027775,-4.445106296088349
2001-03-05,-0.9480106192398676,-35.129425005203224,42.290033739583386,-4.139921305037689
2001-03-06,-1.3724530771230123,-35.67668573747313,42.56565300724233,-3.927826674582461
2001-03-07,-0.266450409048713,-35.48576038488628,43.66751448577477,-3.867296892972554
2001-03-08,-0.14350323047729643,-36.85268591845215,44.47270886747446,-3.0873519058513814
2001-03-09,-1.5561033715590984,-36.847669834356324,44.08741712291918,-3.541644800622349
2001-03-10,-1.9301885437247095,-37.05428984967262,43.93856765939118,-3.0611226748367284
2001-03-11,-2.54600532466875,-36.30237340143321,43.4166831641987,-4.529329943579836
2001-03-12,-2.8421595471038303,-34.451971314710825,43.90475068165578,-3.6467783638032234
2001-03-13,-4.467633362365131,-34.78111690827872,45.219665477442724,-3.3732356193039488
2001-03-14,-3.7398708611615703,-35.721534362753005,45.20421335715891,-4.079456812337691
2001-03-15,-4.577501948679305,-35.96184092058118,45.910369502478574,-5.362509951644823
2001-03-16,-6.6299112354670715,-35.548497256359056,44.232486348497055,-5.613259336788478
2001-03-17,-5.220392433655157,-37.5876547997892,42.77261346851957,-5.754685173961366
2001-03-18,-5.611839191981595,-37.13531417017743,44.530532912689615,-5.852708566790609
2001-03-19,-5.130459505144695,-38.64961442784507,43.10395349558158,-4.435458243888109
2001-03-20,-4.907246108686287,-40.14842980361298,40.96009201293855,-1.366717882954267
2001-03-21,-5.325116752206143,-39.98052131798575,41.34415610082669,-2.103427015878929
2001-03-22,-5.409969575336916,-40.55975631041624,40.52820670064484,-1.6771622091991956
2001-03-23,-3.528188733163198,-39.025726300280425,39.59950980945902,-1.328859227306987
2001-03-24,-3.1137778779483565,-37.44651812614515,38.44591889813045,0.27296143346599044
2001-03-25,-5.234800644184906,-36.23749787481601,39.19435523333389,-0.425633785557068
2001-03-26,-3.3080792782550152,-36.40377740236294,40.63827100132126,-0.17161048903709958
2001-03-27,-3.2880486285676565,-38.3925977565336,39.351560567362945,0.03130989863515357
2001-03-28,-3.71083000618294,-38.28252879092144,38.86545266693251,-0.6381008508201451
2001-03-29,-5.144091354774291,-37.142237361448295,39.19917286390578,0.00487002040517126
2001-03-30,-5.712922192181526,-38.489098807511915,38.422517785751424,0.07172696059603574
2001-03-31,-6.480654209356981,-38.59674728835996,37.75107263935041,-0.3178863899076933
2001-04-01,-6.490996307387135,-38.47043194626323,38.107369831026865,0.18043923388623673
2001-04-02,-5.994267417832996,-38.61519826547001,37.66193589698032,0.28276768489861515
2001-04-03,-6.694831597556984,-37.89656803650223,37.37841750022619,-0.44809949333287513
2001-04-04,-6.637691264402258,-36.81345912598014,35.9249972972772,-1.1667525182967506
2001-04-05,-8.77754888328714,-38.80643044459228,35.64965340713128,-2.421204241714493
2001-04-06,-9.841225141444134,-38.238712300921854,35.834199843358675,-1.118443288804718
2001-04-07,-11.769601003231884,-38.06474421837908,34.605559482626184,-0.7284040802842158
2001-04-08,-12.664204557360293,-37.67899169345796,35.527301918873114,1.3229115031900414
2001-04-09,-13.075677917304313,-37.4747536655683,35.995928427422946,2.1670278722257676
2001-04-10,-12.627127429249857,-36.248258870985886,33.93944517496106,2.3345357859669975
2001-04-11,-11.728092257614481,-37.39756585670396,33.283681310965854,3.9797843925635883
2001-04-12,-9.986326822948163,-37.36224660681936,34.466525002015885,4.938091912046829
2001-04-13,-10.061715998893872,-37.334290467647115,35.82532420000903,3.623761103273295
2001-04-14,-10.064784906821389,-36.62079302069324,35.65411198875839,4.764114161479172
2001-04-15,-8.763095114496886,-37.721337795842,36.69629677097689,4.529307641708012
2001-04-16,-7.501257106983841,-38.20418934541276,34.647207599930475,5.013558437129902
2001-04-17,-8.94718135355032,-37.567341830640586,34.08034192153308,5.627697045847456
2001-04-18,-8.05958505592778,-38.71406305194904,34.29929984701869,4.557677501501988
2001-04-19,-7.196793231413337,-38.71822953744093,33.833252505961894,6.093828999096218
2001-04-20,-4.407616057763555,-36.911790052076036,34.94635947130097,6.104916905108011
2001-04-21,-4.232232851586904,-36.25717333879656,34.75202049526142,5.691123422594497
2001-04-22,-4.598151609724216,-35.54041889348556,36.177775885883904,6.079462149797606
2001-04-23,-3.9697236666263462,-35.18859138809484,35.59891066429359,6.39724846578289
2001-04-24,-3.5539405317486077,-33.73443451092651,36.134007949936546,5.801871500948168
2001-04-25,-2.8637124553119486,-33.808341704131855,35.238317800310114,5.815828232897502
2001-04-26,-2.6560000673578816,-32.64569060425636,33.629753765391584,6.201731018189973
2001-04-27,-1.480249220705282,-32.889674971412745,33.26015781044032,6.757811157751214
2001-04-28,-0.4702012083328899,-32.48485799600066,31.878059718996884,7.597350605056285
2001-04-29,-1.96498553749454,-32.501319608733326,30.62063200743709,8.805063865599017
2001-04-30,-1.4481919730986772,-31.799261425863143,30.777912808032703,8.174319836568387
2001-05-01,-2.8072119730592333,-32.20793306762053,29.16196520902154,8.194464582198512
2001-05-02,-0.11819086502471388,-33.80690396203608,28.789070080334422,7.600408894864733
2001-05-03,-0.5946771716558941,-34.376553762503626,27.462714537455092,6.706902674922907
2001-05-04,-1.3016931085499421,-34.622521801350416,27.051724605852772,8.063924087823818
2001-05-05,-0.786054880291598,-33.424009782906474,27.53950755470571,7.978566837515359
2001-05-06,-0.9838727241001848,-34.12713188996759,26.685782833328577,8.021845071427583
2001-05-07,-0.7957453749844761,-33.653671021121866,27.13605049614192,6.737858086446597
2001-05-08,-1.1091251809665577,-33.03650529306133,28.00012262714484,8.385896137045673
2001-05-09,-0.8929648048877465,-30.896490227693853,29.357523506496822,7.752332868913758
2001-05-10,-1.6126504432347466,-29.488467100280502,29.380466889690222,8.106251779277514
2001-05-11,-2.022592116525464,-30.010609235065623,27.807336897763577,9.31641143377945
2001-05-12,-1.4331817749017464,-29.78566635798016,27.916467720682142,8.771055798761855
2001-05-13,-1.1756723498778558,-28.700219199331535,28.419521735694115,6.935914101312014
2001-05-14,-3.539375225156749,-29.67392877356552,28.915291403314267,9.340460827238577
2001-05-15,-3.187475874690765,-31.36123782106628,28.065684243271775,8.921010511859937
2001-05-16,-4.15231639814806,-31.23049643764634,28.449926851457548,8.172888118814376
2001-05-17,-3.779249269883661,-31.443912322931244,29.283469175518167,8.259492575411667
2001-05-18,-2.6685758881627715,-32.456871811865476,28.57290612879165,7.953025752420141
2001-05-19,-2.1234210256982897,-33.75764252472978,29.996782752974156,6.504453362668752
2001-05-20,-0.7252815147799969,-35.28906306173368,28.097870045315503,5.85582625044016
2001-05-21,-0.05021088117176675,-34.86925513836315,30.847453766341875,5.3267264882257095
2001-05-22,0.6226386398386209,-34.88883280145615,29.14617234291922,6.369570408218243
2001-05-23,0.11713732705067104,-36.0268457173436,28.442205908913994,8.157547371378914
2001-05-24,-1.1118409828777471,-35.551152686353916,29.215343247457845,7.917227217912552
2001-05-25,-2.1306698843400165,-35.704437487144055,28.514536185723486,7.653582615024288
2001-05-26,-1.9823184643280365,-34.89597874209605,28.370491700837874,6.130907689645769
2001-05-27,-1.1994229740597822,-34.88425726880459,28.22297918079317,6.826427792292865
2001-05-28,-1.4997833950935373,-36.27468137799792,28.433345655511857,5.989136383543699
2001-05-29,-0.17570535309812896,-35.23468300295043,27.277510403458013,5.415654919192696
2001-05-30,1.937743024065769,-36.098471210559076,27.790565125073634,5.0371729483365835
2001-05-31,1.9043182771175167,-36.68508206009598,27.699900871009177,4.294748529218831
2001-06-01,2.1053954438700093,-36.07508511417247,27.949741328318385,4.999545796898329
2001-06-02,1.8597683186046352,-36.81975077841027,27.046113473618757,4.5200938918780285
2001-06-03,1.706630818535621,-35.68608502776548,28.315258765069593,4.9085182120908994
2001-06-04,0.9382325139801853,-34.91732447275845,28.28955679109378,3.5158206601191946
2001-06-05,2.5533180339381323,-35.40476527202707,27.632883540282073,2.8614372539394655
2001-06-06,4.558685946846807,-36.133624658029476,26.369915691936935,2.8121963325746084
2001-06-07,4.868278335798738,-35.722392559702826,27.254504932978364,3.3573987837090375
2001-06-08,3.48811948356035,-34.68285037848535,27.356660623199982,2.4200456376616137
2001-06-09,1.4406789536382285,-33.53041511511846,26.46252006008727,3.2613774975118344
2001-06-10,2.672247906648005,-34.280837994857784,26.229001673928522,3.5484002365035123
2001-06-11,2.6008825238156605,-33.07596228922148,24.6674758967115,3.8087697830226372
2001-06-12,3.522637067230144,-32.533024318263465,23.360869463538833,2.4756041103255617
2001-06-13,1.126034594594091,-32.48474682434915,22.94543538244323,2.6361069120159217
2001-06-14,0.5669254313894244,-31.806907366494986,22.86400769757829,2.5603798650755896
2001-06-15,2.0089845079231337,-32.9226909270024,21.74643152523662,3.387623171467533
2001-06-16,2.254657842896998,-34.63491228295005,21.568008791449632,3.0905709675488002
2001-06-17,0.9945196857092924,-35.25056830168586,20.88366011318205,1.73536433507056
2001-06-18,0.36069260576222706,-36.25406447871018,20.259518392881372,1.4425358344110872
2001-06-19,0.37761509587131464,-36.29679223181009,18.48562824959634,0.19686738317704178
2001-06-20,1.0262524310542687,-37.09274479057302,18.98705249078928,-0.40265107617849305
2001-06-21,2.13464532538353,-38.040835252141925,19.594768165960456,-0.44990598513693814
2001-06-22,3.973744130258214,-39.016232386636624,19.104429053042022,-0.71504546706968
2001-06-23,2.678690321480919,-40.1823085453945,19.303702729458045,-2.004308847885275
2001-06-24,4.320972038978651,-41.97927783488572,18.51064423592407,-0.996727964593646
2001-06-25,5.203603595945431,-41.65427566645498,17.97247140651469,-1.0313079283696067
2001-06-26,3.849482002829771,-41.2433260067988,17.87241571642135,-2.4566043715431567
2001-06-27,3.551468329520539,-41.81773839167948,19.230708103345712,-1.7255490612783717
2001-06-28,5.383766211523061,-42.282437680153095,17.602729919913784,-1.9218162936339043
2001-06-29,5.194991022005575,-41.683038298720994,18.084655324716024,-3.508317341263945
2001-06-30,4.965249687841696,-42.794874214350166,18.991016791730527,-2.696093556520864
2001-07-01,4.152807361695765,-42.66158497594829,18.658881679715357,-2.1584726121728997
2001-07-02,5.068918746375308,-41.916127090440355,18.22842668244822,-2.0145772725186184
2001-07-03,4.931743383335003,-41.249475021109575,16.949623373032274,-2.340451964978461
2001-07-04,3.7926353001453883,-41.066371668414035,18.034974479101347,-2.100983344834764
2001-07-05,2.5204228464986107,-40.971071868879434,17.742147461930426,-0.1977958289599342
2001-07-06,2.496423964120623,-42.76852621716569,17.3722201315014,-0.2679966662989667
2001-07-07,3.172107470432054,-42.613784825813454,19.222715081576702,0.037756636915702746
2001-07-08,3.8712443261678393,-41.851570464554236,18.320769922253664,0.5255620153281088
2001-07-09,3.8363311234392268,-42.51458137995006,18.56136371254124,0.9105536047111599
2001-07-10,2.8895785506717027,-41.380116271037785,19.61216100354119,1.9306071567061829
2001-07-11,3.04122131846685,-41.516224318416675,18.670537255224197,2.4405442645313875
2001-07-12,2.797292998833422,-41.10540372493654,17.443859936237306,2.2992014769516445
2001-07-13,2.6999858955088056,-41.90408902274943,19.855731803311322,1.4398550127678522
2001-07-14,3.476933115434746,-41.828858012768606,21.194446663656848,1.6354834246831593
2001-07-15,4.960241996860506,-42.56483632701042,20.378128811103153,3.858651518874347
2001-07-16,2.942458300204711,-43.39600413292953,20.95911842952958,3.418215068580468
2001-07-17,3.4654052702405718,-43.23426547365013,20.944380009274955,2.031433331724664
2001-07-18,5.034358269024417,-43.38560325709537,21.229047519785535,2.420812843006768
2001-07-19,6.256029827443262,-42.87901968746163,23.023471853753104,2.3229610451337046
2001-07-20,6.929689424736211,-42.87817275034586,23.149314623636972,1.7226125576069078
2001-07-21,7.824207032646488,-43.25645180172895,26.627270355717645,4.43383529963337
2001-07-22,8.602969916715443,-42.44670544400086,26.700130156887127,5.482524601303382
2001-07-23,6.877012205488499,-41.846157480413844,25.893954809360647,6.483008092097798
2001-07-24,6.516569556989524,-40.46454716230207,25.72078190252568,5.9622098066942
2001-07-25,8.489462791767728,-40.11839204411556,26.412367304588987,5.599857900123022
2001-07-26,6.721677841322147,-39.01095988199603,27.53954115675537,4.614288365063195
2001-07-27,5.588566226751098,-38.8575353704236,27.260432188111228,5.8260768107727765
2001-07-28,5.778104444916351,-39.67657697030506,28.2800084263642,5.859808106992018
2001-07-29,5.018893764338568,-41.480662159963444,30.327112290444326,7.155523676884307
2001-07-30,4.383176289114251,-42.848825057009506,31.30955639205571,7.254657377162425
2001-07-31,5.36257205420645,-40.91309776765815,31.648116863811712,6.273331519020226
2001-08-01,4.058812433608074,-41.7236104322111,32.06018650344554,8.099555803247574
2001-08-02,4.327794354412825,-44.35745113160959,32.10613920634858,6.763217288371678
2001-08-03,3.1369583467696023,-43.88139604481013,33.049464825492834,7.835194006641002
2001-08-04,1.7905259519209118,-44.23371214365414,31.22086027318449,7.755201509245267
2001-08-05,1.2416552715084879,-43.20378018659834,30.931593492758108,7.96711943712889
2001-08-06,-0.11350891393525919,-42.23100002024722,31.03484292317772,6.790192099495439
2001-08-07,-1.228481003711002,-41.99202810328703,30.9649333091263,8.420566548440103
2001-08-08,-0.9823315724167505,-40.043128154327135,30.745333318518597,7.921788359985651
2001-08-09,-0.7028415639901935,-40.4467926758171,30.942566821020602,6.046768555988469
2001-08-10,-0.11138208261813864,-41.37316247670288,31.95882224830338,7.136503465177869
2001-08-11,0.6401544295819822,-42.348486835459184,32.00886992314967,6.317116775805987
2001-08-12,0.4203733077332492,-41.528139494164755,31.084999110098778,7.980316917464369
2001-08-13,-0.09979198443275628,-40.90458931791439,30.6809633189117,8.47152773445347
2001-08-14,0.8431177864422456,-41.90066256865715,30.03998694128531,7.305587926187371
2001-08-15,1.5485105559364598,-42.29807373629177,29.727622938126974,8.104800482001439
2001-08-16,1.2831645849971227,-42.78833889537668,30.930676539856353,6.607728922342755
2001-08-17,0.4361523285574991,-44.0570152111407,31.800948425637337,7.316939238082114
2001-08-18,0.33605699414593637,-42.32368458643054,32.19697751776959,8.223553879231552
2001-08-19,-0.0022857891013432496,-43.19806995891489,33.73099548174622,8.087926022221843
2001-08-20,0.42289118988757346,-42.981037574968276,33.5487301103277,8.774012085408579
2001-08-21,1.1953220570796144,-41.85183474576707,32.69685040288401,6.546188769774217
2001-08-22,2.346063791125119,-40.950937888366354,31.925855816342935,5.535233247486126
2001-08-23,0.3298624130087955,-40.42722870935308,31.541748274284718,4.492750506206054
2001-08-24,-0.6635256118302096,-40.57765101911693,31.91833313422715,4.020202587450017
2001-08-25,-1.5437943428885605,-40.42658965388432,31.93011339987875,3.1716971786535244
2001-08-26,-1.555719124143175,-40.86396303544258,30.282011240199473,2.897229048112818
2001-08-27,-1.6696426958530592,-39.63683038238285,30.001046360440053,2.229611375660266
2001-08-28,-0.588044664305712,-38.89713381248878,29.70361390892199,0.9356206915232568
2001-08-29,0.2839800516374693,-38.75307289425297,28.068920380322034,0.20222574841891117
2001-08-30,-2.4193818134369502,-39.32196939808175,27.509224617290478,0.7462204031888922
2001-08-31,-3.0164439383097403,-39.66243263664537,26.317992989861644,1.0576704820641607
2001-09-01,-3.2936236634596634,-39.595194626452084,25.95329634174671,1.8072662677256845
2001-09-02,-4.680861410081433,-39.34173145386713,26.72454241030187,2.0070683968157175
2001-09-03,-4.362489762695429,-39.13581941143361,27.678036252917504,3.9446836914915453
2001-09-04,-5.34583208908877,-39.5629367051916,26.299088211788725,4.597170112810347
2001-09-05,-5.240295107944364,-40.01154720332155,26.69044711562734,4.399094430050953
2001-09-06,-6.454510053926034,-41.6866401547961,27.386268983534784,3.4663365566315445
2001-09-07,-6.717105908463603,-42.3810907316433,30.09887522231551,2.9598036151709053
2001-09-08,-5.636490001875684,-39.97085319211416,30.542152653706246,3.196268927797316
2001-09-09,-5.265154416808661,-40.049070950418496,30.279592461557087,3.6991133402991623
2001-09-10,-6.084054351587326,-40.654931702934064,31.09789177756483,5.874883015471676
2001-09-11,-8.232711743876976,-41.392535615304034,30.301696198137712,6.248044530279311
2001-09-12,-7.7129445886951755,-40.45109913848044,28.954955545811764,6.395216689388593
2001-09-13,-8.415399040095636,-40.774778111878945,29.084500311408686,7.541899247187619
2001-09-14,-9.722427724856857,-41.12375539501279,28.11724530826846,8.315405634379328
2001-09-15,-10.34927283871434,-40.40514852050618,27.851939937006485,7.840136129218428
2001-09-16,-9.195404512190974,-39.93389282612328,28.866373689962188,8.243622806979706
2001-09-17,-9.453910457478559,-41.30779811770018,28.907464354721835,7.6042119884192925
2001-09-18,-11.103178045644068,-41.14221423478986,29.167694045043564,8.348160346573932
2001-09-19,-11.32833227558297,-40.091837074867854,28.840566002122728,7.636608526214947
2001-09-20,-10.997346207737989,-40.65232101306744,30.355802327222374,6.619778676493978
2001-09-21,-10.558774748940271,-40.02180780523468,30.08708493502392,8.063343627299288
2001-09-22,-10.85555652587594,-39.775029548826446,31.474060061405176,9.129304220110248
2001-09-23,-11.256572495775682,-37.99574927196525,30.59142846310022,9.577695787964284
2001-09-24,-12.716955186273392,-37.6169903898474,31.095285677232464,9.533629890661384
2001-09-25,-11.497951019575334,-36.3382967816621,31.953519538389298,8.55083600842316
2001-09-26,-10.125768174368043,-37.31215975870206,31.791682726169835,10.314741017991267
2001-09-27,-9.353769470798856,-36.973609379220086,31.298294045198833,11.346966212092681
2001-09-28,-9.889550731753847,-38.78665345216429,32.15393508442856,12.042092846576493
2001-09-29,-9.696070478854127,-37.758966827822334,33.6775225658613,12.174018197929199
2001-09-30,-10.301267780415,-38.74007124115186,32.93796959857806,11.795693072697214
2001-10-01,-10.761354326505577,-38.89272843383171,33.238545907976665,12.389113265357686
2001-10-02,-11.509645126178333,-37.462354558657985,32.37691943057415,12.898257063952423
2001-10-03,-10.338017420183876,-38.14068554765892,32.32391067930394,12.174759583864418
2001-10-04,-10.550788356710841,-37.7263752044032,34.12288050526814,11.797294786362645
2001-10-05,-11.948455298745174,-37.99731015047678,34.246879671109994,10.849203162942496
2001-10-06,-13.142071484862923,-38.213275026793404,35.236854601592434,10.391807556240055
2001-10-07,-11.501760690865085,-39.86355956929295,34.761047782000716,12.607895922158296
2001-10-08,-10.845472962125745,-39.6244325991938,35.419311036456456,12.549139997942216
2001-10-09,-10.289063482728936,-38.37101612225623,33.8180068618419,10.500624530470446
2001-10-10,-8.616379018492948,-40.29719311270251,35.697700518308395,11.403557773941689
2001-10-11,-8.28640533821196,-38.94991180697604,35.741367097793606,11.10148157060325
2001-10-12,-6.9237672047630126,-39.07786942944742,36.64457281913522,10.9859625433011
2001-10-13,-7.8396530642041045,-38.003178364036195,37.633039880166535,10.339116949620934
2001-10-14,-6.732382100079005,-38.39632439561553,39.22678555888963,11.247589009349788
2001-10-15,-6.417143603422454,-37.010205501909326,38.316922785526806,11.984543437035606
2001-10-16,-7.317756255738644,-34.88191869088558,38.89659023018901,11.323470276394215
2001-10-17,-8.765484215434572,-33.676510218888964,39.687664245686854,9.68360219620734
2001-10-18,-8.113372409674552,-32.340269558321474,38.039818642043635,11.2627920689661
2001-10-19,-8.09710417655832,-31.521216298269184,38.18961992383908,11.990281702511968
2001-10-20,-10.035120580877102,-32.29132566997343,38.66534826111573,13.218358478059343
2001-10-21,-11.060968592048766,-31.00460867889164,37.01881383690761,13.013844061631183
2001-10-22,-11.214310739854593,-30.99714713918226,37.221061317595826,14.531630332062775
2001-10-23,-11.569874647738512,-29.265617618317926,39.27266876063547,15.093778744272113
2001-10-24,-13.989942046356436,-29.32750573843861,39.306564205025225,16.020206758581935
2001-10-25,-13.48406087605694,-28.949292236203448,38.73936953279141,17.478235641495605
2001-10-26,-11.869962122150993,-29.907915280933548,38.59871656653607,17.82594987831758
2001-10-27,-11.551312945549984,-29.403509238943567,38.99228753287228,18.19110076925007
2001-10-28,-12.49199392521979,-27.30303551066554,38.1480846607219,19.23679260116288
2001-10-29,-12.332078252815279,-27.545439894263236,37.38916379111448,19.91969549972923
2001-10-30,-13.008378074877673,-28.235159787811625,36.1897457412891,20.29368819978694
2001-10-31,-13.289419183463385,-27.427018751313643,35.72488368825692,18.877330276645008
2001-11-01,-13.972184951556317,-28.679751272999955,35.022193767987005,18.486405952775925
2001-11-02,-15.797156552929788,-30.6658250421496,33.625767011951226,18.555000618117038
2001-11-03,-16.809233283169238,-30.590872249670674,32.84831462053736,16.918657790047078
2001-11-04,-14.76738353278085,-30.096687268917986,30.01630040852596,18.622607412521532
2001-11-05,-14.699842455806886,-29.874125719061,30.146388568247776,19.6543791662749
2001-11-06,-14.81015846908575,-29.62465695916972,29.580036257957236,19.672294849413003
2001-11-07,-14.255947937125638,-31.376498411276128,29.29830165875705,19.33743205539291
2001-11-08,-13.48674516201037,-32.19638382590395,27.683329285711853,19.854387351871097
2001-11-09,-14.591928282300088,-32.155491118631645,29.522483094515845,19.929445251535437
2001-11-10,-14.030696899565548,-32.34660431803881,30.816525793897288,21.405372424349125
2001-11-11,-14.601921575033591,-33.58982970544373,30.002250956632952,20.76561264090817
2001-11-12,-14.961354856056651,-32.59589944805894,31.04165055717204,21.988459479862986
2001-11-13,-14.865381045331874,-32.48193262821845,30.79972130192979,22.32640729215386
2001-11-14,-13.530805969805602,-32.62068557869476,30.840851194861607,23.096542195160875
2001-11-15,-12.615553830607341,-35.42883742361865,30.5011727781168,23.658612346610994
2001-11-16,-12.469525557867534,-34.413410232212094,30.01616244968656,24.099365298430914
2001-11-17,-12.715483694178651,-33.21439067242463,29.566793481941108,24.21128404496339
2001-11-18,-11.706434017201158,-33.566873609675994,30.41577788079258,25.660831166448386
2001-11-19,-10.703969632866128,-34.00328510130687,29.647067162070773,24.197427616574476
2001-11-20,-12.897210777997627,-33.91756400315028,30.747731873395747,23.04164215338098
2001-11-21,-13.301989601211966,-33.40833528984885,31.999921590986958,23.017984340785056
2001-11-22,-13.701689416986175,-32.92701560310391,31.004308425888354,24.02821777520074
2001-11-23,-15.350197217382327,-32.39962408113416,31.39521504253658,22.004685090365268
2001-11-24,-13.932204354437133,-32.998560155411894,31.234324056802436,23.757237490229706
2001-11-25,-13.523020289740295,-32.72629352826885,32.70982153675777,23.24460003180307
2001-11-26,-12.928265905758149,-32.33600952150704,34.105136257453296,22.886598488277013
2001-11-27,-15.08025564920231,-33.219267729025866,34.073960974487385,23.702776911564857
2001-11-28,-15.375418904683606,-32.54095181580585,34.150428339760786,23.761123156935962
2001-11-29,-15.589035153620612,-34.84766781154725,34.218346904905104,23.204731058556114
2001-11-30,-16.73795641335239,-34.23533515842371,34.07014769984325,23.696618154163456
2001-12-01,-16.386262774215474,-34.971442302707366,34.54410442594117,23.801120311740956
2001-12-02,-17.08202107744505,-37.47338844953876,35.731471807721995,24.34158288802617
2001-12-03,-18.492459444328787,-36.02938785600968,35.30974196589917,24.0549541696811
2001-12-04,-17.869448647736235,-35.93811130670731,34.89116254520175,23.184449928915733
2001-12-05,-17.607299261453647,-36.023589916318144,33.58243288587758,22.795670639066216
2001-12-06,-17.21269093413309,-37.68502355220938,32.73848773029239,21.76496509311988
2001-12-07,-17.19900761689905,-36.57155928627911,32.1556897833271,20.92026935924877
2001-12-08,-17.33312690898626,-36.26238254311708,33.14238113271499,20.67421608739476
2001-12-09,-17.804391919713662,-37.76979421145767,33.87584704413386,19.723033617749042
2001-12-10,-18.299498240810145,-36.98688201083741,34.51082832078246,19.21557114154591
2001-12-11,-18.408305618116707,-37.57875142450165,33.526964629694376,19.95353800534348
2001-12-12,-18.863095671457653,-37.72529194354536,34.63208938581817,19.72630126403556
2001-12-13,-20.437396890150758,-38.386851031509174,34.19110090594939,18.596510223538885
2001-12-14,-18.98853536463198,-38.6288384009936,32.94012057518391,17.66395661363282
2001-12-15,-19.222803436684853,-38.678767820127085,33.30217481006607,16.522753282560256
2001-12-16,-19.40352188790103,-38.939751669572935,31.914427148870107,15.765773132191091
2001-12-17,-20.80348911656635,-38.55879587319586,31.062382267909616,16.771515639593677
2001-12-18,-21.219053724091722,-37.411674911316794,31.625627592286172,14.65722528050434
2001-12-19,-20.525344059575634,-38.33664357082972,30.65339957596052,13.39017487417006
2001-12-20,-22.10663553654025,-39.188130591760036,29.086312150498888,14.383369290525875
2001-12-21,-21.291177528915053,-39.09072900612298,31.68017263861282,15.529016771960123
2001-12-22,-19.15613113511212,-41.03348539453865,32.31292507896993,14.730076715320882
2001-12-23,-17.944966158959325,-41.29888926462465,33.86372285771974,13.77495882818248
2001-12-24,-17.827813650384172,-39.573273801777724,33.678959796911535,14.508341476946669
2001-12-25,-17.142297603616953,-39.44966671580336,32.76687484922059,14.797034715862036
2001-12-26,-18.32067498959565,-40.43324401314827,33.22301468212938,14.798391726815304
2001-12-27,-16.562678229845858,-40.69352966432767,35.22581895626746,14.372658404710824
2001-12-28,-16.169629918352296,-42.593624157750924,33.709750438985125,13.6845160760011
2001-12-29,-15.996909598324443,-42.743538530888145,32.108744678553386,13.872925916972358
2001-12-30,-15.595525818958288,-42.52514355366877,30.69214129151639,13.627509667276165
2001-12-31,-15.723066715033324,-43.38691818887264,32.54447180226538,13.217620263595629
2002-01-01,-16.163840252799055,-43.7414489928301,32.44675132829247,13.89422516056613
2002-01-02,-16.950190949512255,-44.89718707875491,29.984075995160158,12.199603380459399
2002-01-03,-15.493694443124017,-44.21270330366922,30.538767054633876,12.642099311905264
2002-01-04,-15.342813755364904,-42.719138468652986,29.071345010338785,12.972240718014165
2002-01-05,-16.064959375740482,-42.93738628265649,29.160176197048084,11.544922989109246
2002-01-06,-15.003345012790817,-41.57999794369264,27.325019590554398,12.740580590522656
2002-01-07,-14.602954131062836,-40.59944933700656,26.59168974372743,13.429904763864869
2002-01-08,-14.213561791682904,-41.295803834863214,24.988459184810097,11.953457445123941
2002-01-09,-13.590460351169357,-42.997223004122326,25.65397867781145,11.56384830966627
2002-01-10,-13.575176388198134,-43.15549358787898,25.522925393668547,11.092755024358219
2002-01-11,-14.22710542257491,-43.430650866678334,24.928526224438258,10.430530406517745
2002-01-12,-14.981416375726464,-44.79412994662778,24.38075024221981,12.85663451060338
2002-01-13,-15.024094394220596,-46.04554779159109,25.383472902483717,13.610284116756445
2002-01-14,-15.73433925433855,-46.38573036199384,24.254427458189742,13.863755356002153
2002-01-15,-16.205230943450427,-45.42489292712362,23.467075394889076,15.411572618722332
2002-01-16,-14.44207291603873,-47.661848754013626,23.65686304626685,14.913136580211765
2002-01-17,-15.216250837778777,-48.260450188044466,24.735493492526704,15.135843206093874
2002-01-18,-15.634518354077098,-49.45683466658858,23.99998011819333,14.412288005961882
2002-01-19,-16.974022947213093,-50.46098942268062,22.873676297079463,13.43626535598447
2002-01-20,-15.760961840204235,-49.764068319886924,23.385869862270734,13.336141700318738
2002-01-21,-16.36152876175934,-50.30711634238066,23.293574885104903,12.73712064411941
2002-01-22,-15.541302651172813,-49.842294439317065,22.664179120631687,13.332700023856402
2002-01-23,-15.440813866949437,-49.722977591258136,22.80667808748185,12.520894363788466
2002-01-24,-17.094324432331323,-51.21611990157627,23.850296786271095,13.585225309012557
2002-01-25,-16.88729434182782,-51.82642175679794,23.15591414383956,14.209358116968646
2002-01-26,-16.824679574049295,-51.6482527064984,22.94877878574883,12.973994683697093
2002-01-27,-19.573069698526755,-51.4391696199424,22.368704419142038,13.095986944168796
2002-01-28,-19.118549148464275,-50.9088992258722,20.891732049408617,12.397949477899598
2002-01-29,-18.549648435024892,-51.30764667193706,21.76393828147603,13.274672313680258
2002-01-30,-19.491307869973593,-51.38743764677753,21.089668123791224,13.546295954741886
2002-01-31,-19.174997934699192,-51.21349009879387,20.40541267002722,13.99830663064373
2002-02-01,-20.553121629928192,-51.06572397924533,20.33349846040009,14.432596898097774
2002-02-02,-20.0047532359085,-49.922780776691894,19.382602894159643,13.862615402435651
2002-02-03,-20.043802159179315,-50.157400458699584,19.850027123059576,14.226155957027467
2002-02-04,-20.745428103944032,-51.75944350770842,22.290477433467068,13.971291422789879
2002-02-05,-21.431111287771408,-50.78948496328721,23.335443634808456,16.041154975978472
2002-02-06,-20.6113398076999,-51.19736012493283,23.144502297219216,16.918858916562783
2002-02-07,-23.009363935671267,-49.1199161893688,22.497686179154393,18.72853793479941
2002-02-08,-25.0665640528424,-48.73383640142314,24.02874369949784,18.648416768541487
2002-02-09,-23.675539705227607,-47.947672600977,24.162711276668873,18.595409858147633
2002-02-10,-23.362827641438578,-49.295674960565925,22.63910695998009,17.435776164009532
2002-02-11,-22.942180009218262,-50.12887956046302,21.685925102732824,15.893071199332857
2002-02-12,-21.907568934842367,-50.11031286024129,22.228314037665164,15.319755453554624
2002-02-13,-21.595802310069672,-49.71691166919866,22.980563372968028,15.204055516354185
2002-02-14,-21.688441567462593,-49.95362155127137,20.842969097456923,14.927750535224536
2002-02-15,-22.65683248896132,-50.59003819808246,22.12870119723827,13.951478095708122
2002-02-16,-21.34410617743659,-52.308667753162446,22.520105800200266,13.559360925551845
2002-02-17,-20.90017799343092,-50.972970574536156,21.718015525852195,13.33441977252284
2002-02-18,-21.14677705449146,-52.180766619720856,21.219821729788357,11.688033946129394
2002-02-19,-21.305782823285995,-52.66171504328107,20.06570757120493,11.045697683729346
2002-02-20,-22.49347137115461,-50.960991470467214,19.817575269569133,12.016819141924467
2002-02-21,-23.797826630872148,-50.16625608174361,19.42822328735865,11.322317214080256
2002-02-22,-23.60308782888758,-50.06120362529902,19.96021186352704,12.398898498030904
2002-02-23,-22.584845810726083,-49.31870393638165,20.456541640902728,12.709421688984845
2002-02-24,-20.929288609310447,-51.748808308703055,21.1974043394264,13.722935797119922
2002-02-25,-21.087250450015556,-52.04996909112455,22.47758682017333,15.856981167242477
2002-02-26,-21.15820851772047,-51.07964546199824,22.75154307065381,15.821534660003747
2002-02-27,-23.097383324735556,-52.01365753486111,24.40470421703506,15.333052563999598
2002-02-28,-21.841708056048866,-53.27773882058051,24.043763870390645,14.270118134581958
2002-03-01,-23.652789857802386,-54.429247204634486,22.970677106082825,16.808576114119894
2002-03-02,-22.60946849447661,-57.250509142737236,22.524450739556855,16.65688730983902
2002-03-03,-21.13672698056905,-58.41080287694341,20.44607616204076,19.078256590051286
2002-03-04,-20.009459663123152,-59.113154469427755,21.040561584337084,18.074191261426503
2002-03-05,-21.547841935036327,-59.69961546845851,20.776701789131856,17.573533038326797
2002-03-06,-19.91817511133145,-61.20453593448605,21.505302089411384,18.216597176161688
2002-03-07,-20.078386158424884,-61.73752089593856,21.11754287167323,17.8226287846933
2002-03-08,-20.732362447275147,-61.92136257078505,21.098392301333327,16.88649142713203
2002-03-09,-20.57770274844928,-62.55409457325813,20.480064819048092,16.885854640062895
2002-03-10,-20.021345747931317,-62.61634897012013,20.42681220611703,15.31561591865637
2002-03-11,-19.67826311202973,-63.25278828610879,20.22982280518896,15.515275092316083
2002-03-12,-18.936955785802418,-62.1882513117303,21.537924465587018,15.711258025161028
2002-03-13,-17.85059959456821,-64.31639515973067,23.79447998646765,14.922812544020054
2002-03-14,-20.586952134949264,-66.27971082364466,23.240751805916865,15.152552793150843
2002-03-15,-21.0927918873074,-68.1810536249134,23.641152158956572,16.754792504254272
2002-03-16,-20.782969229528074,-69.2715644044655,23.646817387762965,16.559843065055453
2002-03-17,-19.073293617137505,-68.2881376346718,25.214517934135486,15.857812294050852
2002-03-18,-19.333253883074658,-67.37794688000619,25.456885954396665,16.52595367845854
2002-03-19,-19.4617413222898,-68.09000010783929,26.11904798196827,17.967904193191043
2002-03-20,-17.303489743106123,-68.6757822483413,25.879647272561257,18.056728922752868
2002-03-21,-15.455392543073879,-72.03441552621798,25.61147813152753,17.867034581165203
2002-03-22,-15.40106686292666,-74.24109815153805,25.259789624557936,16.662013274268396
2002-03-23,-14.652361033263185,-72.71082396844587,24.87949443151869,16.942757073304666
2002-03-24,-13.390340456292481,-72.66858773821792,24.76989199354115,17.797696131481025
2002-03-25,-12.159913514537951,-72.8559822213979,24.98968597928188,18.762084034517812
2002-03-26,-11.783744954374143,-72.41937579166918,25.64739954556257,19.201985963308953
2002-03-27,-11.961145113176071,-73.7049623282712,25.302482431090816,20.406886549213283
2002-03-28,-13.745564688083599,-74.16164151198767,25.863938041047767,20.080879730051837
2002-03-29,-12.671312567902573,-74.26250681389674,25.263947979285515,19.790414124966578
2002-03-30,-13.395838656336995,-74.18087640696568,25.267591842834054,21.325831929779014
2002-03-31,-14.407581691852343,-75.26492500845684,25.53448055492435,22.397019555702727
2002-04-01,-13.529781644328388,-76.09331406797392,23.996504899306714,22.366354175495587
2002-04-02,-14.53871865722483,-76.23101962764812,23.69178407743588,23.898542054146684
2002-04-03,-13.362238571391895,-76.9486132598816,22.48534713266035,21.623134108399825
2002-04-04,-13.365738814409081,-76.16237168216372,21.903711306608187,20.411028901915504
2002-04-05,-12.80304158896021,-75.16343855822146,22.14393446379851,20.182407235905863
2002-04-06,-12.774411195530716,-75.46247301165583,20.227286573990646,19.335799872775485
2002-04-07,-12.87901384747222,-75.48679236929428,18.68642826500334,19.57414166516852
2002-04-08,-11.435227933579815,-74.0388162692768,17.96692447412119,19.067320519593522
2002-04-09,-10.764490888144753,-73.76778456586962,18.98466297714889,17.83602598095733
2002-04-10,-12.208463716633988,-73.84901324527323,20.514859770022174,21.230705149452874
2002-04-11,-12.640135631405927,-73.51025619808959,21.70991379369844,21.667448144235458
2002-04-12,-12.33725675253029,-72.97940542159648,22.7530289782435,21.280153301996208
2002-04-13,-12.823485528365122,-72.65434958991709,22.2036854587495,21.491567188325355
2002-04-14,-13.140787276397491,-72.93002890823429,22.504094871997463,21.84398141566748
2002-04-15,-11.469945976691903,-72.38041049266572,22.2443411324571,22.83920458373671
2002-04-16,-12.004572826586958,-73.30499129779771,21.70204182642577,25.210263468146604
2002-04-17,-10.584853694882064,-73.45460001420625,20.452135446918543,24.638988176796214
2002-04-18,-11.317950352671748,-73.35818033745198,18.832011230197367,24.735648045164893
2002-04-19,-10.600565775075792,-73.91165408421556,20.524847538026457,23.711075333735202
2002-04-20,-10.651815046475013,-73.49150208557957,19.784542085204098,24.05637910958825
2002-04-21,-11.344238928587748,-74.71075040004213,20.50678567671685,23.694645166727234
2002-04-22,-12.173126206827622,-74.41323054986808,19.78215260315374,22.697539402988717
2002-04-23,-12.790004404535015,-73.63547879295,18.966921464790385,21.93202213215213
2002-04-24,-12.665883144224791,-73.32731459701634,19.532144823469732,23.726125951697508
2002-04-25,-12.02979515056802,-72.76358082462966,20.204987149328787,24.096873441552123
2002-04-26,-11.597303707688503,-72.1735810856879,20.152221916200926,25.177739749999446
2002-04-27,-12.554208545167647,-75.0965415440458,20.381601730959957,26.656834241824207
2002-04-28,-11.882314255674455,-73.33919804391473,18.806199564169074,28.071497935839766
2002-04-29,-14.005389466978805,-72.95952948939856,19.003614280692975,27.207199497910995
2002-04-30,-12.083307089139439,-72.33744758153377,20.20444128228833,25.656236516385945
2002-05-01,-11.49407921245241,-72.69415230343081,18.86923869900426,26.173782230914465
2002-05-02,-13.08549045418245,-71.24958882206201,16.35381699366996,24.1796785091076
2002-05-03,-12.116950528112994,-71.8645369546854,14.944761851469417,23.270493977206844
2002-05-04,-13.853478397773797,-72.92597207648808,16.85727560419849,23.262650693123685
2002-05-05,-14.027375621282957,-72.54280062300373,15.488124453647742,24.72366687291322
2002-05-06,-14.688881116080148,-72.84290527109539,15.67219527899931,26.048122024984938
2002-05-07,-14.71365721962658,-71.99558239786046,15.229457051107453,25.107294949185317
2002-05-08,-14.325164323350714,-74.49571978043603,15.51916142024444,26.5165038573906
2002-05-09,-12.150149613318288,-72.4917256791144,16.143022749659128,27.31106615082283
2002-05-10,-10.245568756544163,-72.09464362892716,17.594746205547036,27.35861186512948
2002-05-11,-10.91353020188103,-71.29441889716179,18.82111350831699,28.535731700665284
2002-05-12,-8.116512152376412,-73.30918312474635,18.780655716520112,26.113465615828556
2002-05-13,-8.460085958240231,-74.32906715046558,19.441264945297412,26.568228863567516
2002-05-14,-8.774583602775152,-72.07593029446606,19.517542237542052,26.007807701309634
2002-05-15,-8.804494273827897,-72.31129619811615,19.786523190233005,23.879743770654148
2002-05-16,-9.104010072900284,-72.75736405980658,19.78974346904686,23.400649809526335
2002-05-17,-8.739375432663014,-74.75505075272883,20.49859425315674,24.064636686821817
2002-05-18,-9.173326283795312,-74.70508037458647,21.498105572026418,24.24817314777581
2002-05-19,-10.018408456443625,-74.89117567056348,22.283787176014606,23.888134772923227
2002-05-20,-9.866821745134537,-73.83516851963043,22.620759139006328,23.8414440296067
2002-05-21,-9.791087456732495,-72.11391075552723,21.424208383180005,24.82725442224041
2002-05-22,-10.224366448466709,-70.75948367609246,23.029519156294086,23.438722906608323
2002-05-23,-10.230397211726297,-70.96449676202774,20.181857415143334,23.48286888452101
2002-05-24,-12.1871779570638,-70.55911327062336,21.24652083950526,22.55546907309487
2002-05-25,-11.11709446498273,-70.48255007382616,22.687208052703575,22.89900091473201
2002-05-26,-10.927240325496195,-69.89852526221371,23.27531898983087,24.353514947466643
2002-05-27,-11.133667210016418,-70.05941646380546,23.953318601634393,24.833695624754615
2002-05-28,-11.188719021916578,-70.81950959123952,23.918916293759327,26.081915721395447
2002-05-29,-10.761218751098585,-71.25239640239903,25.085519755818233,27.133038845852138
2002-05-30,-10.302074712848082,-70.2920500270095,22.705059489701263,27.753226802764676
2002-05-31,-8.520552029163264,-71.11250338866147,20.727650031969056,28.663306201229023
2002-06-01,-8.272862514450875,-70.89650621236956,22.574077376913028,27.893675437707497
2002-06-02,-8.131234591148743,-71.52350589590074,23.496545343865794,28.42872702369642
2002-06-03,-7.177556267600083,-71.17428005176048,25.473533481833837,28.11998135238078
2002-06-04,-7.465376459993351,-71.25374101011367,24.05418845920916,28.884606925469946
2002-06-05,-9.669691442444051,-71.67195899626596,25.006673416127008,28.61861335405945
2002-06-06,-10.094984637285773,-71.27501840914826,24.771975397077547,27.381505681203492
2002-06-07,-9.971481583131636,-71.23948734226866,23.829233562643932,27.359456645563473
2002-06-08,-10.290612533887282,-72.61710764278949,24.363307058518764,26.805324482649432
2002-06-09,-8.589654815374068,-73.00096999894504,24.50721430724366,26.995289147934763
2002-06-10,-7.595108668741883,-72.6916030726938,23.563935622544086,26.532775815992775
2002-06-11,-7.814726859582213,-72.0941374215116,23.811617508583826,27.090979472391822
2002-06-12,-8.795781904203844,-73.54151675938405,23.88125232266949,26.57007484120715
2002-06-13,-6.69978226378812,-73.21106363055165,23.24754166422125,25.71423367044018
2002-06-14,-8.719491937577853,-73.81348024969718,22.899956829060002,24.590913250124874
2002-06-15,-8.81021456061212,-74.35814542900903,22.54748724370979,24.03205122550175
2002-06-16,-9.650874922032036,-73.4689988990089,21.18439665385261,23.251085313342664
2002-06-17,-8.937782469082213,-72.10169165450706,21.018092170168373,21.46806460799366
2002-06-18,-7.472141226689762,-71.494848780747,21.71557000321136,20.238121510066634
2002-06-19,-7.221499429338555,-74.27455569212157,21.816624647689085,20.764005356038325
2002-06-20,-8.38489495852288,-76.01979479443035,23.388227515496812,21.525272132123987
2002-06-21,-7.184890369687113,-75.686240444334,23.436686745745163,19.398903948798086
2002-06-22,-7.953734030798578,-74.63714167751928,26.564359134581363,20.071479895272443
2002-06-23,-8.595834188688029,-75.35874302200604,24.967335495749847,20.63358228671543
2002-06-24,-6.615601574727911,-75.4130493380132,25.115491137662946,21.831653891157238
2002-06-25,-5.964298409841491,-74.40980966634517,23.10292363030731,21.99103811319717
2002-06-26,-6.379087803533131,-74.80597828568735,23.891969746726595,23.58376064860684
2002-06-27,-5.937593837058454,-74.41776919430356,24.085215281232447,23.130417928398455
2002-06-28,-5.485265354706842,-74.7395537536677,24.368615155255956,22.83652755901881
2002-06-29,-5.463242141692232,-75.25009718224814,24.427501407723682,23.864383095582596
2002-06-30,-3.8235162751896103,-76.98703412433362,24.53802590881315,23.774889584041464
2002-07-01,-2.933172292225648,-75.98725429038738,25.08593919985871,23.124759941581715
2002-07-02,-0.5276012728660606,-76.1608476174388,25.930744057881476,22.919101383804545
2002-07-03,-0.29005117302598526,-77.96278927441664,26.767694325831908,24.60312573645433
2002-07-04,-1.1618825216684696,-78.15896955999872,25.953436300180062,24.46297510377139
2002-07-05,-1.0241588330123639,-79.103337884589,25.171323246469004,24.00518666772705
2002-07-06,-0.02405950971345794,-80.72978249016126,26.334172487092445,24.893569334727825
2002-07-07,0.8275771713453576,-82.13474672944803,26.58446425556373,25.62497625237347
2002-07-08,-0.20697830370551074,-80.2897318050322,25.73648575438535,26.1963610104853
2002-07-09,-0.2786064586117425,-80.65282458167452,25.550858035859633,27.505314871382428
2002-07-10,-1.5698524293963783,-80.55813070467073,24.056394198741838,27.221688302069452
2002-07-11,-0.9265990515158504,-79.4642071142199,24.98826780139412,26.515633013691186
2002-07-12,-0.9861535296730527,-80.35719167436888,25.936147788805254,25.899669429354905
2002-07-13,-1.5562460799050966,-81.29765306369336,26.966117608191254,24.698757221942667
2002-07-14,-2.1758381368899538,-81.49247331442979,26.976363099323283,24.9238133068282
2002-07-15,-0.9680189816136091,-82.2305583751308,26.530665703721397,23.537535137891908
2002-07-16,0.5294791711806841,-81.77002739061292,26.443492859477335,23.006564950257218
2002-07-17,1.930157845620378,-82.55961855949029,25.21476693270667,24.55929938477652
2002-07-18,2.2672461235265913,-81.78954451231762,25.327788269184374,25.03364237159754
2002-07-19,3.2734735741193153,-81.69400092138657,23.081859032030597,26.82760102956883
2002-07-20,1.322438838321175,-79.71403354001592,21.59240840137644,27.464336502431383
2002-07-21,-0.08525474088698193,-78.832559138748,23.434997901735574,26.650486702538043
2002-07-22,-1.3638040317956104,-79.73932524913764,22.81188709884285,27.72227114522972
2002-07-23,-1.9984430929065926,-79.30392192518644,21.09754042921823,27.41662201292142
2002-07-24,-1.7568610345485538,-78.50160839022394,19.93991189244745,28.052081920356112
2002-07-25,-2.029258319376599,-78.01257489851062,20.590962074671253,27.685266927884225
2002-07-26,-3.8874375514571615,-77.36830178679166,20.83167309576725,27.54055068176417
2002-07-27,-4.084420301574368,-77.56776313254224,21.634424222333788,28.171804156100727
2002-07-28,-4.2308809680249,-77.35150138512441,22.86226031303041,27.840961099530105
2002-07-29,-3.5091283284627703,-76.27928734865338,22.797214425600316,28.68053543176799
2002-07-30,-3.798575156877747,-76.54001801672783,22.598593856148515,29.056915264387204
2002-07-31,-4.154580885212772,-74.61971239874894,23.30805419298753,31.086907887457762
2002-08-01,-2.116075360773953,-76.3471519301869,23.66907946775343,31.203027334940508
2002-08-02,-1.2218040028080983,-75.34036407410774,24.450181772243504,29.191253584432264
2002-08-03,-1.4916481189700228,-76.44269432121635,23.540277177751342,30.02833307377424
2002-08-04,-1.9458514609966455,-75.79866568213598,24.711604093989276,30.096532256100573
2002-08-05,-2.792940105339946,-76.936091073967,24.81909817634723,28.78347367751128
2002-08-06,-3.960242229408527,-76.09239783461494,25.173490500639506,29.139555671317932
2002-08-07,-3.9485689258785435,-76.26637646916305,24.62784694459114,29.17118202046128
2002-08-08,-4.656267394857855,-76.94840946060924,23.548378206969122,29.185775811000468
2002-08-09,-5.0185778815143305,-76.85017629884209,23.54043332116598,28.97597122313018
2002-08-10,-4.090930838229153,-77.92524336147657,25.86140446844481,29.602020246226896
2002-08-11,-1.8905313151027712,-78.90057460888359,23.276558481366116,29.78299993093763
2002-08-12,-4.1196205615205805,-77.68498430924807,24.545646033853146,29.640802772187342
2002-08-13,-4.125090143672465,-78.57620857650167,23.461728406375823,29.929712932908462
2002-08-14,-3.4670254190013035,-79.15881670636469,23.40368910059927,29.278344093942735
2002-08-15,-1.797794437377742,-79.03386968903001,23.25261497514822,28.98059087830828
2002-08-16,-0.5804502359172639,-78.90232394470834,22.568663489384313,28.39643238596728
2002-08-17,-1.6286405041802998,-78.89732694250358,20.90235407032455,28.44024132542784
2002-08-18,-0.565935091692406,-79.05058053347344,20.07994768241152,28.44057752966881
2002-08-19,0.4002086458215517,-78.213830656808,19.78440775270747,29.050034859600395
2002-08-20,0.291969138788443,-78.81927769163545,20.729242833648218,29.85213904605258
2002-08-21,-0.45357864178910823,-76.9971195313038,21.374632856492145,29.260987996039415
2002-08-22,-2.3314047108590357,-78.05284505955471,22.09652803977204,28.850885211565416
2002-08-23,-3.736273350918464,-77.69893405087247,23.134112345437345,31.067376769423408
2002-08-24,-5.622562676264858,-78.16143149236139,21.859745166643535,32.33795625801119
2002-08-25,-6.269583200433049,-77.68123110659215,20.96726619064589,33.03742928818849
2002-08-26,-7.872704341177523,-77.81896095308655,19.409980012422594,34.34952134078617
2002-08-27,-7.140824177119175,-76.97339758516613,19.938589847572864,33.97907128248111
2002-08-28,-7.973508820862829,-77.77544802008794,19.68632266405265,34.69870181761204
2002-08-29,-8.30365183854735,-78.53545152053536,20.31084231581718,35.232470077366266
2002-08-30,-8.671980518591688,-76.68723919661807,19.969922850563044,33.96117290644207
2002-08-31,-7.951557435260529,-76.5443405621128,20.786216786951876,32.551425647559
2002-09-01,-9.257386595377591,-75.45115846232855,21.15351195545968,33.27018265803502
2002-09-02,-9.866069384809599,-75.33820908236935,20.148964994009184,31.292114033336045
2002-09-03,-10.240229798497747,-75.05009660407588,20.263097767023474,32.17794065209849
2002-09-04,-10.464876301193222,-75.25777551322582,22.253191584968967,34.52280303226456
2002-09-05,-11.172029289021506,-75.2177521384228,21.83898226494736,34.78000247326704
2002-09-06,-10.440703843030663,-74.7411821813718,22.287523336264574,34.8449721891874
2002-09-07,-10.391171644435328,-74.1311665472051,24.019045082612415,33.952101503439856
2002-09-08,-11.217610054267073,-75.47447294198595,23.86831040830066,33.281926140116546
2002-09-09,-11.951813099667918,-73.07183263897997,23.68576662777731,31.873051097801934
2002-09-10,-11.219230052619555,-72.50242933294163,23.962871308821114,31.705034069551193
2002-09-11,-9.730288398827277,-73.2776554872099,23.653534182096124,29.468274539171382
2002-09-12,-8.079912669262368,-72.5208675080007,23.299050575767446,30.493022639938037
2002-09-13,-6.1838887324782315,-73.86919172655935,23.145070783429848,30.781074843097326
2002-09-14,-6.251227559402333,-73.22692312616202,22.756061417016213,30.23129603834511
2002-09-15,-7.803388178034609,-75.82211555218794,23.71805778339928,30.322741987723518
2002-09-16,-6.45322189937395,-76.43473048067892,24.564041306619053,29.137469219350965
2002-09-17,-6.152192589187699,-78.1656636677787,24.857173514199335,28.254715408892437
2002-09-18,-5.824932888238699,-79.72574766377501,25.45978940315697,28.981826990633433
2002-09-19,-6.844211103679489,-78.68368903560662,26.101304225139472,28.069802407789734
2002-09-20,-6.530866024769189,-78.32549653020459,25.849847472148443,27.527420663075755
2002-09-21,-7.355384125953659,-77.61534653458277,24.361474409786805,26.10867372450647
2002-09-22,-7.533581145739871,-77.73544981279265,25.461533320539782,25.027955563534476
2002-09-23,-7.296096362280425,-78.87722320595033,24.82455635823032,26.284273267444927
2002-09-24,-8.716981175006365,-79.11587224475952,24.76986028646583,28.0343316196678
2002-09-25,-10.231811043094883,-80.26331884627174,25.44664962170898,28.02182149723145
2002-09-26,-9.096025624502497,-81.09480062065178,24.76770800894663,27.078975600428805
